{"cameraMode":{"drawMode":0,"name":"Shaded","section":"Shading Mode"},"sceneLighting":true,"audioPlay":false,"sceneViewState":{"showFog":true,"showMaterialUpdate":false,"showSkybox":true,"showFlares":true,"showImageEffects":true,"showParticleSystems":true},"in2DMode":false,"pivot":{"x":-1.8818359375,"y":0.7177734375,"z":-0.31982421875},"rotation":{"x":-0.008646320551633835,"y":0.9824451208114624,"z":-0.04719555005431175,"w":-0.18029595911502839},"size":7.343978404998779,"orthographic":true}